{
  "cnn_alone": {
    "rmse": 0.3188410589811117,
    "mae": 0.10681293145759774,
    "r2": 0.27700329687427006
  },
  "lstm_alone": {
    "rmse": 0.3312826931159478,
    "mae": 0.09232995826943552,
    "r2": 0.21947767922332406
  },
  "transformer_alone": {
    "rmse": 0.3208146544318246,
    "mae": 0.07546143812843434,
    "r2": 0.2680250353866447
  },
  "xgb_alone": {
    "rmse": 0.32992592845574803,
    "mae": 0.10433938441895724,
    "r2": 0.2258578288195171
  },
  "average_50_50": {
    "rmse": 0.3106615083281939,
    "mae": 0.10299506861323802,
    "r2": 0.31362299694291895
  },
  "best_weighted_blend": {
    "rmse": 0.3100664685244753,
    "mae": 0.1032765704560773,
    "r2": 0.3162498463056941,
    "w_cnn": 0.6000000000000001
  }
}