{
  "logistic_regression": {
    "accuracy": 0.6465539370882069,
    "precision": 0.21680066039767426,
    "recall": 0.5457625587278642,
    "f1": 0.3103262265604932,
    "roc_auc": 0.6602555677506795
  },
  "xgboost_classifier": {
    "accuracy": 0.8348878079604021,
    "precision": 0.4598064604061606,
    "recall": 0.762016624503072,
    "f1": 0.5735366620764693,
    "roc_auc": 0.8831517005793559
  },
  "xgboost_regressor": {
    "rmse": 0.34465442311710653,
    "mae": 0.1069461855873362,
    "r2": 0.15519681241101468
  }
}